{"cameraMode":{"drawMode":0,"name":"Shaded","section":"Shading Mode"},"sceneLighting":true,"audioPlay":false,"sceneViewState":{"showFog":true,"showMaterialUpdate":false,"showSkybox":true,"showFlares":true,"showImageEffects":true,"showParticleSystems":true},"in2DMode":false,"pivot":{"x":3.1668968200683595,"y":8.774137496948243,"z":15.337905883789063},"rotation":{"x":-0.07340134680271149,"y":-0.3346342146396637,"z":0.026155097410082818,"w":-0.9391209483146668},"size":47.501441955566409,"orthographic":false}