{"cameraMode":{"drawMode":0,"name":"Shaded","section":"Shading Mode"},"sceneLighting":false,"audioPlay":false,"sceneViewState":{"showFog":true,"showMaterialUpdate":false,"showSkybox":true,"showFlares":true,"showImageEffects":true,"showParticleSystems":true},"in2DMode":false,"pivot":{"x":4.099999904632568,"y":11.229999542236329,"z":-0.6000000238418579},"rotation":{"x":-0.07023859024047852,"y":-0.21552123129367829,"z":0.01554469857364893,"w":-0.9738457798957825},"size":4.041658401489258,"orthographic":false}